planner,loss_probability,comparison,paired_maps,csr_difference,csr_std_difference,csr_ci95,csr_effect_dz,el_difference,el_ci95,traffic_kb_difference,traffic_kb_std_difference,traffic_kb_ci95
A*,0.0,CARE - One-shot,100,+0.0000,0.0000,"[+0.0000, +0.0000]",+0.000,+0.00,"[+0.00, +0.00]",+4.66,0.23,"[+4.61, +4.70]"
A*,0.0,CARE - Retry-All ARQ,100,+0.0000,0.0000,"[+0.0000, +0.0000]",+0.000,+0.00,"[+0.00, +0.00]",-46.05,1.06,"[-46.25, -45.83]"
A*,0.0,CARE - Path-weighted ARQ,100,+0.0000,0.0000,"[+0.0000, +0.0000]",+0.000,+0.00,"[+0.00, +0.00]",-46.05,1.06,"[-46.25, -45.83]"
A*,0.0,CARE - Periodic Full,100,+0.0000,0.0000,"[+0.0000, +0.0000]",+0.000,+0.00,"[+0.00, +0.00]",-244.18,0.54,"[-244.28, -244.07]"
A*,0.0,CARE - Mismatch Full,100,+0.0000,0.0000,"[+0.0000, +0.0000]",+0.000,+0.00,"[+0.00, +0.00]",-561.04,38.35,"[-568.29, -553.33]"
A*,0.0,CARE - PSR-UT,100,+0.0000,0.0000,"[+0.0000, +0.0000]",+0.000,+0.00,"[+0.00, +0.00]",-9.89,0.30,"[-9.95, -9.83]"
A*,0.0,CARE - CARE-Lite,100,+0.0000,0.0000,"[+0.0000, +0.0000]",+0.000,+0.00,"[+0.00, +0.00]",-4.48,0.23,"[-4.52, -4.43]"
A*,0.1,CARE - One-shot,100,+0.0650,0.1311,"[+0.0400, +0.0925]",+0.496,+0.00,"[+0.00, +0.00]",+5.01,1.09,"[+4.80, +5.22]"
A*,0.1,CARE - Retry-All ARQ,100,-0.0075,0.0429,"[-0.0175, +0.0000]",-0.175,+0.00,"[+0.00, +0.00]",-58.97,1.65,"[-59.28, -58.64]"
A*,0.1,CARE - Path-weighted ARQ,100,-0.0075,0.0429,"[-0.0175, +0.0000]",-0.175,+0.00,"[+0.00, +0.00]",-58.96,1.89,"[-59.32, -58.59]"
A*,0.1,CARE - Periodic Full,100,-0.0075,0.0429,"[-0.0175, +0.0000]",-0.175,+0.00,"[+0.00, +0.00]",-243.96,0.60,"[-244.07, -243.84]"
A*,0.1,CARE - Mismatch Full,100,+0.0000,0.0615,"[-0.0125, +0.0125]",+0.000,+0.00,"[+0.00, +0.00]",-544.37,35.70,"[-551.28, -537.34]"
A*,0.1,CARE - PSR-UT,100,-0.0075,0.0429,"[-0.0175, +0.0000]",-0.175,+0.00,"[+0.00, +0.00]",-9.60,0.41,"[-9.68, -9.52]"
A*,0.1,CARE - CARE-Lite,100,-0.0075,0.0429,"[-0.0175, +0.0000]",-0.175,+0.00,"[+0.00, +0.00]",-4.17,0.33,"[-4.24, -4.11]"
A*,0.2,CARE - One-shot,100,+0.1225,0.1647,"[+0.0900, +0.1550]",+0.744,+0.00,"[+0.00, +0.00]",+5.51,1.03,"[+5.31, +5.71]"
A*,0.2,CARE - Retry-All ARQ,100,-0.0150,0.0597,"[-0.0275, -0.0050]",-0.251,+0.00,"[+0.00, +0.00]",-76.80,2.44,"[-77.27, -76.31]"
A*,0.2,CARE - Path-weighted ARQ,100,-0.0150,0.0597,"[-0.0275, -0.0050]",-0.251,+0.00,"[+0.00, +0.00]",-76.96,2.52,"[-77.45, -76.46]"
A*,0.2,CARE - Periodic Full,100,-0.0100,0.0704,"[-0.0250, +0.0025]",-0.142,+0.00,"[+0.00, +0.00]",-243.64,0.89,"[-243.81, -243.46]"
A*,0.2,CARE - Mismatch Full,100,+0.0150,0.1055,"[-0.0050, +0.0350]",+0.142,+0.00,"[+0.00, +0.00]",-494.74,31.11,"[-500.82, -488.66]"
A*,0.2,CARE - PSR-UT,100,-0.0025,0.0664,"[-0.0150, +0.0100]",-0.038,+0.00,"[+0.00, +0.00]",-9.43,0.57,"[-9.54, -9.32]"
A*,0.2,CARE - CARE-Lite,100,+0.0050,0.0613,"[-0.0075, +0.0175]",+0.082,+0.00,"[+0.00, +0.00]",-4.08,0.60,"[-4.21, -3.97]"
A*,0.3,CARE - One-shot,100,+0.1300,0.1647,"[+0.1000, +0.1625]",+0.789,+0.00,"[+0.00, +0.00]",+5.63,1.27,"[+5.39, +5.88]"
A*,0.3,CARE - Retry-All ARQ,100,-0.0450,0.1088,"[-0.0675, -0.0250]",-0.413,+0.00,"[+0.00, +0.00]",-101.20,3.70,"[-101.91, -100.45]"
A*,0.3,CARE - Path-weighted ARQ,100,-0.0450,0.1088,"[-0.0675, -0.0250]",-0.413,+0.00,"[+0.00, +0.00]",-101.25,3.79,"[-101.97, -100.49]"
A*,0.3,CARE - Periodic Full,100,-0.0250,0.1151,"[-0.0475, -0.0025]",-0.217,+0.00,"[+0.00, +0.00]",-243.34,1.16,"[-243.57, -243.12]"
A*,0.3,CARE - Mismatch Full,100,+0.0075,0.1303,"[-0.0175, +0.0325]",+0.058,+0.00,"[+0.00, +0.00]",-434.39,26.63,"[-439.55, -429.13]"
A*,0.3,CARE - PSR-UT,100,+0.0025,0.0973,"[-0.0150, +0.0225]",+0.026,+0.00,"[+0.00, +0.00]",-9.46,0.98,"[-9.66, -9.27]"
A*,0.3,CARE - CARE-Lite,100,-0.0075,0.0970,"[-0.0275, +0.0125]",-0.077,+0.00,"[+0.00, +0.00]",-3.74,1.06,"[-3.96, -3.54]"
A*,0.4,CARE - One-shot,100,+0.1600,0.1686,"[+0.1275, +0.1925]",+0.949,+0.00,"[+0.00, +0.00]",+5.41,1.40,"[+5.13, +5.68]"
A*,0.4,CARE - Retry-All ARQ,100,-0.1025,0.1469,"[-0.1325, -0.0750]",-0.698,+0.00,"[+0.00, +0.00]",-136.25,5.42,"[-137.30, -135.18]"
A*,0.4,CARE - Path-weighted ARQ,100,-0.1025,0.1469,"[-0.1325, -0.0750]",-0.698,+0.00,"[+0.00, +0.00]",-136.25,5.31,"[-137.26, -135.19]"
A*,0.4,CARE - Periodic Full,100,-0.0550,0.1572,"[-0.0850, -0.0250]",-0.350,+0.00,"[+0.00, +0.00]",-243.02,1.40,"[-243.29, -242.75]"
A*,0.4,CARE - Mismatch Full,100,+0.0125,0.1681,"[-0.0200, +0.0450]",+0.074,+0.00,"[+0.00, +0.00]",-360.85,25.68,"[-365.90, -355.82]"
A*,0.4,CARE - PSR-UT,100,-0.0150,0.1500,"[-0.0450, +0.0150]",-0.100,+0.00,"[+0.00, +0.00]",-9.82,1.29,"[-10.07, -9.57]"
A*,0.4,CARE - CARE-Lite,100,-0.0025,0.1569,"[-0.0325, +0.0275]",-0.016,+0.00,"[+0.00, +0.00]",-3.83,1.28,"[-4.08, -3.58]"
A*,0.5,CARE - One-shot,100,+0.1675,0.1630,"[+0.1375, +0.2000]",+1.027,+0.00,"[+0.00, +0.00]",+5.28,1.31,"[+5.03, +5.54]"
A*,0.5,CARE - Retry-All ARQ,100,-0.1300,0.1685,"[-0.1625, -0.0975]",-0.772,+0.00,"[+0.00, +0.00]",-188.30,7.44,"[-189.72, -186.83]"
A*,0.5,CARE - Path-weighted ARQ,100,-0.1300,0.1685,"[-0.1625, -0.0975]",-0.772,+0.00,"[+0.00, +0.00]",-187.54,7.86,"[-189.06, -186.00]"
A*,0.5,CARE - Periodic Full,100,-0.0625,0.1990,"[-0.1025, -0.0225]",-0.314,+0.00,"[+0.00, +0.00]",-242.80,1.63,"[-243.12, -242.48]"
A*,0.5,CARE - Mismatch Full,100,+0.0450,0.1991,"[+0.0075, +0.0850]",+0.226,+0.00,"[+0.00, +0.00]",-278.84,21.72,"[-283.05, -274.61]"
A*,0.5,CARE - PSR-UT,100,+0.0100,0.1701,"[-0.0225, +0.0425]",+0.059,+0.00,"[+0.00, +0.00]",-10.11,1.55,"[-10.42, -9.81]"
A*,0.5,CARE - CARE-Lite,100,+0.0050,0.1628,"[-0.0275, +0.0375]",+0.031,+0.00,"[+0.00, +0.00]",-3.94,1.62,"[-4.26, -3.63]"
D* Lite,0.0,CARE - One-shot,100,+0.0000,0.0000,"[+0.0000, +0.0000]",+0.000,+0.00,"[+0.00, +0.00]",+4.62,0.22,"[+4.57, +4.66]"
D* Lite,0.0,CARE - Retry-All ARQ,100,+0.0000,0.0000,"[+0.0000, +0.0000]",+0.000,+0.00,"[+0.00, +0.00]",-46.18,0.95,"[-46.35, -45.98]"
D* Lite,0.0,CARE - Path-weighted ARQ,100,+0.0000,0.0000,"[+0.0000, +0.0000]",+0.000,+0.00,"[+0.00, +0.00]",-46.18,0.95,"[-46.35, -45.98]"
D* Lite,0.0,CARE - Periodic Full,100,+0.0000,0.0000,"[+0.0000, +0.0000]",+0.000,+0.00,"[+0.00, +0.00]",-244.29,0.50,"[-244.38, -244.19]"
D* Lite,0.0,CARE - Mismatch Full,100,+0.0000,0.0000,"[+0.0000, +0.0000]",+0.000,+0.00,"[+0.00, +0.00]",-559.68,32.34,"[-565.74, -553.18]"
D* Lite,0.0,CARE - PSR-UT,100,+0.0000,0.0000,"[+0.0000, +0.0000]",+0.000,+0.00,"[+0.00, +0.00]",-9.86,0.30,"[-9.92, -9.80]"
D* Lite,0.0,CARE - CARE-Lite,100,+0.0000,0.0000,"[+0.0000, +0.0000]",+0.000,+0.00,"[+0.00, +0.00]",-4.52,0.27,"[-4.57, -4.47]"
D* Lite,0.1,CARE - One-shot,100,+0.0900,0.1400,"[+0.0625, +0.1175]",+0.643,+0.00,"[+0.00, +0.00]",+5.02,1.30,"[+4.77, +5.28]"
D* Lite,0.1,CARE - Retry-All ARQ,100,-0.0100,0.0492,"[-0.0200, -0.0025]",-0.203,+0.00,"[+0.00, +0.00]",-59.20,1.70,"[-59.53, -58.86]"
D* Lite,0.1,CARE - Path-weighted ARQ,100,-0.0100,0.0492,"[-0.0200, -0.0025]",-0.203,+0.00,"[+0.00, +0.00]",-59.21,1.77,"[-59.55, -58.86]"
D* Lite,0.1,CARE - Periodic Full,100,-0.0100,0.0492,"[-0.0200, -0.0025]",-0.203,+0.00,"[+0.00, +0.00]",-244.11,0.74,"[-244.26, -243.97]"
D* Lite,0.1,CARE - Mismatch Full,100,+0.0025,0.0753,"[-0.0125, +0.0175]",+0.033,+0.00,"[+0.00, +0.00]",-543.80,29.24,"[-549.38, -537.97]"
D* Lite,0.1,CARE - PSR-UT,100,-0.0075,0.0557,"[-0.0200, +0.0025]",-0.135,+0.00,"[+0.00, +0.00]",-9.64,0.68,"[-9.79, -9.53]"
D* Lite,0.1,CARE - CARE-Lite,100,-0.0100,0.0492,"[-0.0200, -0.0025]",-0.203,+0.00,"[+0.00, +0.00]",-4.27,0.66,"[-4.42, -4.16]"
D* Lite,0.2,CARE - One-shot,100,+0.1350,0.1683,"[+0.1025, +0.1675]",+0.802,+0.00,"[+0.00, +0.00]",+5.46,1.23,"[+5.23, +5.71]"
D* Lite,0.2,CARE - Retry-All ARQ,100,-0.0150,0.0597,"[-0.0275, -0.0050]",-0.251,+0.00,"[+0.00, +0.00]",-77.08,2.36,"[-77.52, -76.60]"
D* Lite,0.2,CARE - Path-weighted ARQ,100,-0.0150,0.0597,"[-0.0275, -0.0050]",-0.251,+0.00,"[+0.00, +0.00]",-77.26,2.45,"[-77.73, -76.77]"
D* Lite,0.2,CARE - Periodic Full,100,-0.0100,0.0704,"[-0.0250, +0.0025]",-0.142,+0.00,"[+0.00, +0.00]",-243.72,0.81,"[-243.88, -243.56]"
D* Lite,0.2,CARE - Mismatch Full,100,+0.0225,0.1129,"[+0.0000, +0.0450]",+0.199,+0.00,"[+0.00, +0.00]",-495.36,26.38,"[-500.43, -490.18]"
D* Lite,0.2,CARE - PSR-UT,100,-0.0025,0.0753,"[-0.0175, +0.0125]",-0.033,+0.00,"[+0.00, +0.00]",-9.36,0.66,"[-9.49, -9.23]"
D* Lite,0.2,CARE - CARE-Lite,100,-0.0025,0.0561,"[-0.0125, +0.0075]",-0.045,+0.00,"[+0.00, +0.00]",-4.02,0.70,"[-4.15, -3.88]"
D* Lite,0.3,CARE - One-shot,100,+0.1575,0.1800,"[+0.1225, +0.1925]",+0.875,+0.00,"[+0.00, +0.00]",+5.47,1.10,"[+5.26, +5.69]"
D* Lite,0.3,CARE - Retry-All ARQ,100,-0.0350,0.1006,"[-0.0550, -0.0175]",-0.348,+0.00,"[+0.00, +0.00]",-101.75,3.59,"[-102.44, -101.03]"
D* Lite,0.3,CARE - Path-weighted ARQ,100,-0.0350,0.1006,"[-0.0550, -0.0175]",-0.348,+0.00,"[+0.00, +0.00]",-101.83,3.38,"[-102.48, -101.16]"
D* Lite,0.3,CARE - Periodic Full,100,-0.0100,0.1227,"[-0.0350, +0.0125]",-0.082,+0.00,"[+0.00, +0.00]",-243.52,1.18,"[-243.75, -243.28]"
D* Lite,0.3,CARE - Mismatch Full,100,+0.0375,0.1481,"[+0.0100, +0.0675]",+0.253,+0.00,"[+0.00, +0.00]",-434.54,22.13,"[-438.82, -430.21]"
D* Lite,0.3,CARE - PSR-UT,100,+0.0100,0.1119,"[-0.0125, +0.0325]",+0.089,+0.00,"[+0.00, +0.00]",-9.49,1.04,"[-9.69, -9.29]"
D* Lite,0.3,CARE - CARE-Lite,100,-0.0050,0.1004,"[-0.0250, +0.0150]",-0.050,+0.00,"[+0.00, +0.00]",-3.81,1.02,"[-4.01, -3.61]"
D* Lite,0.4,CARE - One-shot,100,+0.1750,0.1829,"[+0.1400, +0.2125]",+0.957,+0.00,"[+0.00, +0.00]",+5.34,1.27,"[+5.09, +5.59]"
D* Lite,0.4,CARE - Retry-All ARQ,100,-0.1100,0.1521,"[-0.1400, -0.0800]",-0.723,+0.00,"[+0.00, +0.00]",-137.23,5.18,"[-138.23, -136.20]"
D* Lite,0.4,CARE - Path-weighted ARQ,100,-0.1100,0.1521,"[-0.1400, -0.0800]",-0.723,+0.00,"[+0.00, +0.00]",-137.05,5.42,"[-138.07, -135.95]"
D* Lite,0.4,CARE - Periodic Full,100,-0.0425,0.1630,"[-0.0750, -0.0100]",-0.261,+0.00,"[+0.00, +0.00]",-243.22,1.36,"[-243.49, -242.96]"
D* Lite,0.4,CARE - Mismatch Full,100,+0.0200,0.1801,"[-0.0150, +0.0550]",+0.111,+0.00,"[+0.00, +0.00]",-362.10,22.89,"[-366.61, -357.66]"
D* Lite,0.4,CARE - PSR-UT,100,-0.0200,0.1536,"[-0.0500, +0.0100]",-0.130,+0.00,"[+0.00, +0.00]",-9.78,1.35,"[-10.05, -9.52]"
D* Lite,0.4,CARE - CARE-Lite,100,-0.0275,0.1700,"[-0.0600, +0.0050]",-0.162,+0.00,"[+0.00, +0.00]",-3.86,1.26,"[-4.11, -3.62]"
D* Lite,0.5,CARE - One-shot,100,+0.1750,0.1759,"[+0.1400, +0.2100]",+0.995,+0.00,"[+0.00, +0.00]",+5.14,1.32,"[+4.88, +5.40]"
D* Lite,0.5,CARE - Retry-All ARQ,100,-0.1475,0.1670,"[-0.1800, -0.1150]",-0.883,+0.00,"[+0.00, +0.00]",-189.24,6.95,"[-190.58, -187.87]"
D* Lite,0.5,CARE - Path-weighted ARQ,100,-0.1475,0.1670,"[-0.1800, -0.1150]",-0.883,+0.00,"[+0.00, +0.00]",-188.86,7.13,"[-190.24, -187.45]"
D* Lite,0.5,CARE - Periodic Full,100,-0.0600,0.1982,"[-0.1000, -0.0225]",-0.303,+0.00,"[+0.00, +0.00]",-243.11,1.46,"[-243.40, -242.83]"
D* Lite,0.5,CARE - Mismatch Full,100,+0.0525,0.1923,"[+0.0150, +0.0900]",+0.273,+0.00,"[+0.00, +0.00]",-280.83,21.97,"[-285.10, -276.54]"
D* Lite,0.5,CARE - PSR-UT,100,-0.0025,0.1794,"[-0.0375, +0.0325]",-0.014,+0.00,"[+0.00, +0.00]",-10.13,1.48,"[-10.42, -9.84]"
D* Lite,0.5,CARE - CARE-Lite,100,-0.0025,0.1722,"[-0.0350, +0.0300]",-0.015,+0.00,"[+0.00, +0.00]",-4.11,1.70,"[-4.44, -3.78]"
