planner,fov,method,seeker_csr_mean,seeker_csr_std,seeker_csr_ci95_low,seeker_csr_ci95_high,el_mean,el_std,el_ci95_low,el_ci95_high,attempted_kb_mean,attempted_kb_std,attempted_kb_ci95_low,attempted_kb_ci95_high
A*,3x3,One-shot,0.0,0.0,0.0,0.0,25.0,0.0,25.0,25.0,26.97604,0.7212262134095591,26.83317,27.11618
A*,3x3,Retry-All ARQ,0.0,0.0,0.0,0.0,25.0,0.0,25.0,25.0,75.37617999999999,2.6540593508774064,74.84876750000001,75.8904855
A*,3x3,Periodic Full,0.0,0.0,0.0,0.0,25.0,0.0,25.0,25.0,275.83646999999996,0.7052454040254285,275.69633,275.97206
A*,3x3,PSR-UT,0.0,0.0,0.0,0.0,25.0,0.0,25.0,25.0,42.9975,0.7572521363322774,42.846298000000004,43.141681
A*,3x3,CARE-Lite,0.0,0.0,0.0,0.0,25.0,0.0,25.0,25.0,38.80379,0.9259862260358309,38.6189565,38.9811415
A*,3x3,CARE,0.0,0.0,0.0,0.0,25.0,0.0,25.0,25.0,32.30876,0.7802052581522921,32.153309,32.45848025
A*,5x5,One-shot,0.3425,0.2061399691197388,0.3025,0.3825,25.0,0.0,25.0,25.0,47.618480000000005,1.6343231909647653,47.296339999999994,47.93607
A*,5x5,Retry-All ARQ,0.5175,0.18207210803759188,0.4825,0.5525,25.0,0.0,25.0,25.0,154.45299,4.162796368543577,153.623095,155.24879225
A*,5x5,Periodic Full,0.4975,0.1758636696507562,0.4625,0.5325,25.0,0.0,25.0,25.0,296.59721,1.2507887313227763,296.34787,296.83835999999997
A*,5x5,PSR-UT,0.47,0.195530875393947,0.4325,0.5075,25.0,0.0,25.0,25.0,62.713879999999996,1.2676277954820916,62.462939750000004,62.9599605
A*,5x5,CARE-Lite,0.48,0.1765265310416997,0.445,0.515,25.0,0.0,25.0,25.0,56.9955,1.4041108944953047,56.71842875,57.266904249999996
A*,5x5,CARE,0.4725,0.1876724795913338,0.435,0.5075,25.0,0.0,25.0,25.0,53.25247,1.2587710974830117,53.003987,53.49360299999999
A*,7x7,One-shot,0.68,0.21343747458109494,0.6375,0.7225,24.82,0.3861229196653691,24.74,24.89,65.35165,1.2363053574536864,65.11141,65.59553
A*,7x7,Retry-All ARQ,0.9525,0.11063978315308477,0.93,0.9725,24.17,0.3775251680686369,24.1,24.24,263.89828,4.19140325596827,263.08062675,264.72127475
A*,7x7,Periodic Full,0.915,0.13399457248166977,0.8875,0.94,24.31,0.46482319871173183,24.22,24.4,285.77913,16.239451343331282,282.65871725,288.998892
A*,7x7,PSR-UT,0.865,0.1605703219241597,0.8325,0.895,24.46,0.5009082659620331,24.36,24.56,75.77351,1.3635881772260667,75.509199,76.043201
A*,7x7,CARE-Lite,0.875,0.1685499656158105,0.8425,0.9075,24.41,0.49431107042371025,24.31,24.51,68.62836999999999,1.2713591443169723,68.38228649999999,68.87664075
A*,7x7,CARE,0.875,0.16088454986057046,0.8425,0.905,24.43,0.49756985195624304,24.34,24.53,67.79419,1.204045082002725,67.56196775,68.03250324999999
D* Lite,3x3,One-shot,0.0,0.0,0.0,0.0,25.0,0.0,25.0,25.0,26.97604,0.7212262134095591,26.83317,27.11618
D* Lite,3x3,Retry-All ARQ,0.0,0.0,0.0,0.0,25.0,0.0,25.0,25.0,75.37617999999999,2.6540593508774064,74.84876750000001,75.8904855
D* Lite,3x3,Periodic Full,0.0,0.0,0.0,0.0,25.0,0.0,25.0,25.0,275.85103000000004,0.6796359164206147,275.71635,275.98207
D* Lite,3x3,PSR-UT,0.0,0.0,0.0,0.0,25.0,0.0,25.0,25.0,42.9975,0.7572521363322774,42.846298000000004,43.141681
D* Lite,3x3,CARE-Lite,0.0,0.0,0.0,0.0,25.0,0.0,25.0,25.0,38.785470000000004,0.8967579930398214,38.60577725,38.95634025
D* Lite,3x3,CARE,0.0,0.0,0.0,0.0,25.0,0.0,25.0,25.0,32.30876,0.7802052581522921,32.153309,32.45848025
D* Lite,5x5,One-shot,0.38,0.21461734799546392,0.3375,0.4225,25.0,0.0,25.0,25.0,47.783190000000005,1.5604372716283306,47.47467725,48.08533274999999
D* Lite,5x5,Retry-All ARQ,0.5725,0.1677803699043858,0.54,0.605,25.0,0.0,25.0,25.0,155.00332,4.005860259896516,154.19006600000003,155.75757375
D* Lite,5x5,Periodic Full,0.5475,0.1729680007773961,0.5125,0.5825,25.0,0.0,25.0,25.0,296.76829,1.2693097248807195,296.51167,297.01034999999996
D* Lite,5x5,PSR-UT,0.5275,0.18081954283402848,0.4925,0.5625,25.0,0.0,25.0,25.0,62.73871,1.1572820936761419,62.5050005,62.959641
D* Lite,5x5,CARE-Lite,0.5425,0.1742770057909957,0.5075,0.5775,25.0,0.0,25.0,25.0,57.06051,1.3472408129134887,56.789779,57.31863
D* Lite,5x5,CARE,0.5375,0.19258672452857817,0.5,0.575,25.0,0.0,25.0,25.0,53.25308999999999,1.222478952701428,53.008239,53.485292
D* Lite,7x7,One-shot,0.6925,0.215717618448496,0.65,0.735,24.8,0.4020151261036848,24.72,24.87024999999998,65.30069,1.0768115832203773,65.08957,65.5109
D* Lite,7x7,Retry-All ARQ,0.9525,0.11063978315308477,0.93,0.9725,24.17,0.3775251680686369,24.1,24.24,263.91484,4.272745224316468,263.08053674999996,264.75375899999995
D* Lite,7x7,Periodic Full,0.92,0.1275250025000049,0.895,0.945,24.3,0.4605661864718382,24.21,24.39,285.48884000000004,16.08468827435684,282.38935725,288.69122100000004
D* Lite,7x7,PSR-UT,0.8625,0.16428218516819276,0.83,0.895,24.46,0.5009082659620331,24.36,24.56,75.64389999999999,1.400276570805737,75.37553975,75.92243174999999
D* Lite,7x7,CARE-Lite,0.88,0.16847503786566836,0.8475,0.9125,24.39,0.4902071300001973,24.29,24.49,68.61856,1.1093980652005426,68.4027595,68.83485525
D* Lite,7x7,CARE,0.8825,0.16070787224657107,0.85,0.9125,24.4,0.49236596391733095,24.3,24.5,67.67433,1.0612833003187006,67.46906975,67.882291
